{"cameraMode":{"drawMode":0,"name":"Shaded","section":"Shading Mode"},"sceneLighting":true,"audioPlay":false,"sceneViewState":{"m_AlwaysRefresh":false,"showFog":true,"showSkybox":true,"showFlares":true,"showImageEffects":true,"showParticleSystems":true,"showVisualEffectGraphs":true,"m_FxEnabled":true},"in2DMode":false,"pivot":{"x":-0.5022233724594116,"y":0.8299173712730408,"z":-0.6497306823730469},"rotation":{"x":-0.06251203268766403,"y":0.7723637223243713,"z":-0.07695630937814713,"w":-0.6273950934410095},"size":1.9958044290542603,"orthographic":false}